Age,Annual_Premium,Vintage
40.56983,30773.05,155.04167
14.139913,17532.771,83.64118
